"ID","Description","GeneRatio","BgRatio","RichFactor","FoldEnrichment","zScore","pvalue","p.adjust","qvalue","geneID","Count"
"GO:0003012","muscle system process","17/98","460/28928",0.0369565217391304,10.9089618456078,12.4902464552302,2.78059789421425e-13,4.78262837804851e-10,3.3367174730571e-10,"Agtr2/Col14a1/Col6a1/Acta1/Tnnc2/Myl1/Pgam2/Mylpf/Tnnt3/Tnni1/Tnnt2/Atp2a1/Cacng1/Mymk/Myh3/Sln/Myog",17
"GO:0048872","homeostasis of number of cells","12/98","431/28928",0.0278422273781903,8.21857095506416,8.80304066529698,2.62857702109934e-08,2.23409332519696e-05,1.55866976176532e-05,"Col14a1/Col6a1/Myct1/Emcn/Rhag/Tspo2/Gata1/Spta1/Hba-a1/Hba-a2/Rag1/Coro1a",12
"GO:0051146","striated muscle cell differentiation","11/98","365/28928",0.0301369863013699,8.89594632373497,8.85097520443618,4.67098123165812e-08,2.23409332519696e-05,1.55866976176532e-05,"Agtr2/Col14a1/Col6a1/Acta1/Tnnt3/Mymx/Tnnt2/Klhl41/Mymk/Myog/Kel",11
"GO:0055002","striated muscle cell development","9/98","215/28928",0.0418604651162791,12.3565258661604,9.74468608523681,5.19556587255106e-08,2.23409332519696e-05,1.55866976176532e-05,"Agtr2/Col14a1/Col6a1/Acta1/Tnnt3/Tnnt2/Klhl41/Myog/Kel",9
"GO:0042692","muscle cell differentiation","12/98","491/28928",0.0244399185336049,7.21426493204206,8.09712858479445,1.08429184492756e-07,3.42823146044387e-05,2.39178939100735e-05,"Agtr2/Col14a1/Col6a1/Acta1/Tnnt3/Mymx/Tnnt2/Klhl41/Mymk/Myog/Aplnr/Kel",12
"GO:0050879","multicellular organismal movement","6/98","68/28928",0.0882352941176471,26.0456182472989,12.0553677768767,1.19589469550367e-07,3.42823146044387e-05,2.39178939100735e-05,"Col6a1/Tnnc2/Tnnt3/Tnni1/Atp2a1/Myh3",6
"GO:0055001","muscle cell development","9/98","249/28928",0.036144578313253,10.669289402508,8.93417890554165,1.814220133776e-07,3.74393263277488e-05,2.61204602286619e-05,"Agtr2/Col14a1/Col6a1/Acta1/Tnnt3/Tnnt2/Klhl41/Myog/Kel",9
"GO:0006936","muscle contraction","10/98","329/28928",0.0303951367781155,8.97214812976862,8.47891534555744,1.82611117417791e-07,3.74393263277488e-05,2.61204602286619e-05,"Tnnc2/Myl1/Pgam2/Mylpf/Tnnt3/Tnni1/Tnnt2/Atp2a1/Cacng1/Myh3",10
"GO:0006941","striated muscle contraction","8/98","181/28928",0.0441988950276243,13.046792197542,9.47887631438905,1.95903451714965e-07,3.74393263277488e-05,2.61204602286619e-05,"Tnnc2/Myl1/Pgam2/Tnnt3/Tnni1/Tnnt2/Atp2a1/Myh3",8
"GO:0045446","endothelial cell differentiation","7/98","125/28928",0.056,16.5302857142857,10.1451390612845,2.37130662154853e-07,4.07864738906346e-05,2.84556794585823e-05,"Cldn5/Tie1/Cdh5/Sox17/Sox18/Robo4/Kdr",7
"GO:0090257","regulation of muscle system process","9/98","272/28928",0.0330882352941176,9.7671068427371,8.46984341495896,3.81705575175708e-07,5.9684871754747e-05,4.16406082009863e-05,"Tnnc2/Tnnt3/Tnni1/Tnnt2/Atp2a1/Cacng1/Mymk/Sln/Myog",9
"GO:0003009","skeletal muscle contraction","5/98","47/28928",0.106382978723404,31.4025184541902,12.161714133445,5.51561006259832e-07,7.90570775639093e-05,5.51561006259832e-05,"Tnnc2/Tnnt3/Tnni1/Atp2a1/Myh3",5
"GO:0003158","endothelium development","7/98","150/28928",0.0466666666666667,13.7752380952381,9.14590619620504,8.16472640005413e-07,0.000108025610831485,7.53667052312688e-05,"Cldn5/Tie1/Cdh5/Sox17/Sox18/Robo4/Kdr",7
"GO:0007517","muscle organ development","10/98","395/28928",0.0253164556962025,7.47300439163007,7.55219414231122,9.6840312293062e-07,0.00011897524081719,8.30059819654817e-05,"Col6a1/Acta1/Mylpf/Mymx/Tnni1/Tnnt2/Klhl41/Mymk/Myog/Kel",10
"GO:0001570","vasculogenesis","6/98","101/28928",0.0594059405940594,17.5356637704587,9.70565858752789,1.26565000003469e-06,0.000135657365003449,9.464467325822e-05,"Has2/Aplnr/Tie1/Sox17/Sox18/Kdr",6
"GO:0030183","B cell differentiation","7/98","161/28928",0.0434782608695652,12.8340727595386,8.77894444880677,1.31285384858837e-06,0.000135657365003449,9.464467325822e-05,"Igkc/Cd79b/Ighm/Cd79a/Spib/Rag1/Cd19",7
"GO:0050853","B cell receptor signaling pathway","5/98","56/28928",0.0892857142857143,26.3556851311953,11.0732050842494,1.34079953782478e-06,0.000135657365003449,9.464467325822e-05,"Cd79b/Ighm/Cd79a/Blnk/Cd19",5
"GO:0042113","B cell activation","9/98","323/28928",0.0278637770897833,8.2249320780944,7.61301119080363,1.58939118812766e-06,0.000151875157976643,0.000105959412541844,"Igkc/Cd79b/Ighm/Cd79a/Spib/Blnk/Rag1/Mzb1/Cd19",9
"GO:0050881","musculoskeletal movement","5/98","64/28928",0.078125,23.0612244897959,10.3011036584535,2.61960627324348e-06,0.000237143304735725,0.000165448817257483,"Tnnc2/Tnnt3/Tnni1/Atp2a1/Myh3",5
"GO:0050851","antigen receptor-mediated signaling pathway","7/98","190/28928",0.0368421052631579,10.8751879699248,7.96225928011833,3.94406902982161e-06,0.000339090455275447,0.000236574736238684,"Btnl9/Ermap/Cd79b/Ighm/Cd79a/Blnk/Cd19",7
"GO:0001945","lymph vessel development","4/98","32/28928",0.125,36.8979591836735,11.8459064535485,4.14005788417696e-06,0.000339090455275447,0.000236574736238684,"Tie1/Sox18/Flt4/Kdr",4
"GO:0030098","lymphocyte differentiation","10/98","472/28928",0.0211864406779661,6.2538913870633,6.70976914401207,4.72956488424796e-06,0.000369765981859386,0.000257976266413525,"Igkc/Ly6d/Cd79b/Ighm/Cd79a/Spib/Cd69/Rag1/Irf4/Cd19",10
"GO:0002429","immune response-activating cell surface receptor signaling pathway","8/98","302/28928",0.0264900662251656,7.81943505879173,6.94566688121565,8.97083901067304e-06,0.000670862743406854,0.000468043774469898,"Btnl9/Ermap/Cd79b/Ighm/Cd79a/Blnk/Pik3ap1/Cd19",8
"GO:0003157","endocardium development","3/98","13/28928",0.230769230769231,68.1193092621664,14.1123705325322,1.05201149357704e-05,0.000753941570396877,0.000526005746788519,"Sox17/Sox18/Kdr",3
"GO:0014902","myotube differentiation","6/98","150/28928",0.04,11.8073469387755,7.7370754732726,1.24958128127409e-05,0.000859711921516571,0.000599799015011561,"Col6a1/Acta1/Mymx/Mymk/Myog/Kel",6
"GO:0002768","immune response-regulating cell surface receptor signaling pathway","8/98","320/28928",0.025,7.37959183673469,6.69062283903104,1.36354219853042e-05,0.000902035608258587,0.000629327168552503,"Btnl9/Ermap/Cd79b/Ighm/Cd79a/Blnk/Pik3ap1/Cd19",8
"GO:0001936","regulation of endothelial cell proliferation","6/98","154/28928",0.038961038961039,11.5006626027034,7.61762096873925,1.45135833979148e-05,0.000924569016459761,0.000645048151018438,"Thbs4/Aplnr/Tie1/Flt4/Mmrn2/Kdr",6
"GO:0050678","regulation of epithelial cell proliferation","9/98","432/28928",0.0208333333333333,6.14965986394558,6.28739697144476,1.65517359315088e-05,0.00101674949293554,0.000709360111350377,"Has2/Gpc3/Thbs4/Aplnr/Tie1/Flt4/Mmrn2/Kdr/Hpn",9
"GO:0060538","skeletal muscle organ development","7/98","239/28928",0.0292887029288703,8.64554692169755,6.91977889198438,1.75802826984332e-05,0.0010407133091465,0.00072607905289291,"Col6a1/Acta1/Mylpf/Mymx/Klhl41/Myog/Kel",7
"GO:0090287","regulation of cellular response to growth factor stimulus","8/98","333/28928",0.024024024024024,7.09149966292823,6.5184404941666,1.81519763223228e-05,0.0010407133091465,0.00072607905289291,"Agtr2/Fbn2/Tnfaip6/Aspn/Gpc3/Cdh5/Mmrn2/Kdr",8
"GO:0048741","skeletal muscle fiber development","4/98","47/28928",0.0851063829787234,25.1220147633522,9.64936665745845,1.97508405126957e-05,0.00109585308651086,0.000764548665007575,"Col6a1/Acta1/Myog/Kel",4
"GO:0001935","endothelial cell proliferation","6/98","177/28928",0.0338983050847458,10.0062262193013,7.00721465645535,3.18397066363036e-05,0.00166238064757356,0.0011598004517955,"Thbs4/Aplnr/Tie1/Flt4/Mmrn2/Kdr",6
"GO:0061028","establishment of endothelial barrier","4/98","53/28928",0.0754716981132075,22.2780130920293,9.03962520813017,3.19246161951816e-05,0.00166238064757356,0.0011598004517955,"Cldn5/Cdh5/Sox18/Robo4",4
"GO:0007009","plasma membrane organization","6/98","178/28928",0.0337078651685393,9.95001146526026,6.98324184303466,3.28610128008726e-05,0.00166238064757356,0.0011598004517955,"Col6a1/Mymx/Mymk/Tie1/Spta1/Sptb",6
"GO:0014904","myotube cell development","4/98","55/28928",0.0727272727272727,21.4679035250464,8.8583159256751,3.69904747211506e-05,0.00181781761486797,0.00126824484758231,"Col6a1/Acta1/Myog/Kel",4
"GO:0048821","erythrocyte development","4/98","56/28928",0.0714285714285714,21.0845481049563,8.77122109065129,3.97327574275602e-05,0.00189834285487232,0.00132442524758534,"Rhag/Gata1/Hba-a1/Hba-a2",4
"GO:0001946","lymphangiogenesis","3/98","21/28928",0.142857142857143,42.1690962099125,11.0032728805276,4.79681774178995e-05,0.00221125597612271,0.00154273672752747,"Tie1/Sox18/Flt4",3
"GO:0014888","striated muscle adaptation","4/98","59/28928",0.0677966101694915,20.0124524386026,8.52296471844365,4.88533297050365e-05,0.00221125597612271,0.00154273672752747,"Acta1/Tnni1/Mymk/Myog",4
"GO:1903169","regulation of calcium ion transmembrane transport","6/98","193/28928",0.0310880829015544,9.17669451200169,6.64497330642367,5.1607937923733e-05,0.00227604239048258,0.00158793655149948,"Atp2a1/Cacng1/Sln/Aplnr/Cd19/Coro1a",6
"GO:0043462","regulation of ATP-dependent activity","4/98","62/28928",0.0645161290322581,19.044107965767,8.29240247450513,5.94155120941887e-05,0.00255486702005011,0.00178246536282566,"Tnnt3/Tnnt2/Atp2a1/Sln",4
"GO:0036303","lymph vessel morphogenesis","3/98","24/28928",0.125,36.8979591836735,10.2574361070232,7.24614817870835e-05,0.00303984752862887,0.00212082385718293,"Tie1/Sox18/Flt4",3
"GO:0043534","blood vessel endothelial cell migration","5/98","128/28928",0.0390625,11.530612244898,6.96153124972673,7.66155170069745e-05,0.00313758783933324,0.00218901477162784,"Cdh5/Sox18/Robo4/Mmrn2/Kdr",5
"GO:0002327","immature B cell differentiation","3/98","25/28928",0.12,35.4220408163265,10.0387022365137,8.21403493883984e-05,0.00328561397553594,0.00229228882014135,"Ighm/Spib/Rag1",3
"GO:0043501","skeletal muscle adaptation","3/98","26/28928",0.115384615384615,34.0596546310832,9.83248861780248,9.26262782546171e-05,0.00362084542268049,0.00252617122512592,"Acta1/Tnni1/Mymk",3
"GO:0050905","neuromuscular process","6/98","222/28928",0.027027027027027,7.97793712079426,6.08498641595262,0.000111635994576686,0.00426697579270889,0.00297695985537829,"Penk/Tnnc2/Tnnt3/Tnni1/Atp2a1/Myh3",6
"GO:0007519","skeletal muscle tissue development","6/98","224/28928",0.0267857142857143,7.9067055393586,6.05015015967253,0.000117242549623076,0.00438385185547154,0.00305850129451503,"Col6a1/Acta1/Mylpf/Klhl41/Myog/Kel",6
"GO:0030282","bone mineralization","5/98","143/28928",0.034965034965035,10.3211074639646,6.51470614928661,0.000129188291153139,0.00462586044318817,0.00322734449524756,"Fbn2/Aspn/Gpc3/Col6a1/Gata1",5
"GO:0045026","plasma membrane fusion","3/98","29/28928",0.103448275862069,30.5362420830401,9.27801872733253,0.000129219119333439,0.00462586044318817,0.00322734449524756,"Mymx/Mymk/Tie1",3
"GO:0001885","endothelial cell development","4/98","76/28928",0.0526315789473684,15.5359828141783,7.39785218754859,0.000131783233555942,0.00462586044318817,0.00322734449524756,"Cldn5/Cdh5/Sox18/Robo4",4
"GO:0072089","stem cell proliferation","5/98","149/28928",0.0335570469798658,9.9054923983016,6.3541232764653,0.000156596265369769,0.00523612439563354,0.00365311004346526,"Prg4/Prrx2/Sox17/Sox18/Kdr",5
"GO:0043542","endothelial cell migration","6/98","237/28928",0.0253164556962025,7.47300439163007,5.83377461537043,0.000159367842511993,0.00523612439563354,0.00365311004346526,"Cdh5/Sox18/Flt4/Robo4/Mmrn2/Kdr",6
"GO:0030239","myofibril assembly","4/98","80/28928",0.05,14.7591836734694,7.18492470732786,0.000160782290899136,0.00523612439563354,0.00365311004346526,"Acta1/Tnnt3/Tnnt2/Klhl41",4
"GO:1904062","regulation of monoatomic cation transmembrane transport","7/98","340/28928",0.0205882352941176,6.07731092436975,5.49064981277854,0.000161345693586382,0.00523612439563354,0.00365311004346526,"Atp2a1/Cacng1/Sln/Aplnr/Kel/Cd19/Coro1a",7
"GO:0050679","positive regulation of epithelial cell proliferation","6/98","241/28928",0.024896265560166,7.3489711237192,5.77047708642062,0.000174488822310081,0.0055577921180248,0.00387752938466847,"Has2/Thbs4/Aplnr/Flt4/Kdr/Hpn",6
"GO:0070296","sarcoplasmic reticulum calcium ion transport","3/98","35/28928",0.0857142857142857,25.3014577259475,8.38711201686201,0.000228069216348203,0.007132346402162,0.00497605562941535,"Atp2a1/Cacng1/Sln",3
"GO:0055074","calcium ion homeostasis","7/98","365/28928",0.0191780821917808,5.66105675146771,5.22481993193135,0.000248637862135166,0.00763673433700868,0.00532795418861071,"Atp2a1/Aplnr/Cdh5/Kdr/Kel/Cd19/Coro1a",7
"GO:0002064","epithelial cell development","6/98","262/28928",0.0229007633587786,6.75993145349743,5.46042978502898,0.000273503548801635,0.00799289207704231,0.00557643633282021,"Cldn5/Cdh5/Sox18/Robo4/Kdr/Gata1",6
"GO:0141091","transforming growth factor beta receptor superfamily signaling pathway","7/98","371/28928",0.0188679245283019,5.56950327300732,5.16466398274,0.000274414214402879,0.00799289207704231,0.00557643633282021,"Fbn2/Tnfaip6/Aspn/Gpc3/Cldn5/Cdh5/Kdr",7
"GO:0042246","tissue regeneration","4/98","92/28928",0.0434782608695652,12.8340727595386,6.62831370937014,0.000275373477179411,0.00799289207704231,0.00557643633282021,"Postn/Col6a1/Mymx/Mymk",4
"GO:0006937","regulation of muscle contraction","5/98","169/28928",0.029585798816568,8.73324477720082,5.87842028523955,0.000280981520236312,0.00799289207704231,0.00557643633282021,"Tnnc2/Tnnt3/Tnnt2/Atp2a1/Cacng1",5
"GO:0030218","erythrocyte differentiation","5/98","170/28928",0.0294117647058824,8.68187274909964,5.85672246220824,0.000288726946733434,0.00799289207704231,0.00557643633282021,"Rhag/Tspo2/Gata1/Hba-a1/Hba-a2",5
"GO:0032781","positive regulation of ATP-dependent activity","3/98","38/28928",0.0789473684210526,23.3039742212675,8.02126189441945,0.000291806535949073,0.00799289207704231,0.00557643633282021,"Tnnt3/Tnnt2/Atp2a1",3
"GO:0034765","regulation of monoatomic ion transmembrane transport","7/98","375/28928",0.0186666666666667,5.51009523809524,5.12528344690819,0.000292762907473061,0.00799289207704231,0.00557643633282021,"Atp2a1/Cacng1/Sln/Aplnr/Kel/Cd19/Coro1a",7
"GO:0014850","response to muscle activity","3/98","40/28928",0.075,22.1387755102041,7.79998017855727,0.000340082089044489,0.00899909527933109,0.00627843856697518,"Postn/Col6a1/Myog",3
"GO:0030513","positive regulation of BMP signaling pathway","3/98","40/28928",0.075,22.1387755102041,7.79998017855727,0.000340082089044489,0.00899909527933109,0.00627843856697518,"Gpc3/Cdh5/Kdr",3
"GO:0090092","regulation of transmembrane receptor protein serine/threonine kinase signaling pathway","6/98","275/28928",0.0218181818181818,6.44037105751392,5.2850881219126,0.000354043574403204,0.00922659012081076,0.00643715589824006,"Fbn2/Tnfaip6/Aspn/Gpc3/Cdh5/Kdr",6
"GO:0071560","cellular response to transforming growth factor beta stimulus","6/98","281/28928",0.0213523131672598,6.30285423778052,5.20793661645229,0.000396970582053093,0.0101908865840496,0.00710992087259271,"Fbn2/Postn/Aspn/Penk/Cldn5/Cdh5",6
"GO:0042100","B cell proliferation","4/98","102/28928",0.0392156862745098,11.5758303321329,6.23827885365403,0.000408129839481392,0.010317707298883,0.00719840044108119,"Ighm/Cd79a/Mzb1/Cd19",4
"GO:0034101","erythrocyte homeostasis","5/98","184/28928",0.0271739130434783,8.02129547471162,5.5705101967217,0.000415088103943739,0.010317707298883,0.00719840044108119,"Rhag/Tspo2/Gata1/Hba-a1/Hba-a2",5
"GO:0022604","regulation of cell morphogenesis","6/98","284/28928",0.0211267605633803,6.23627479160678,5.17019807373202,0.000419906692396403,0.010317707298883,0.00719840044108119,"Kdr/Spta1/Cldn13/Hpn/Ighm/Coro1a",6
"GO:0001938","positive regulation of endothelial cell proliferation","4/98","104/28928",0.0384615384615385,11.3532182103611,6.16676398078934,0.000439330290493762,0.0106429309809756,0.00742530068440162,"Thbs4/Aplnr/Flt4/Kdr",4
"GO:0071559","response to transforming growth factor beta","6/98","288/28928",0.0208333333333333,6.14965986394558,5.12071607266003,0.000452084917590759,0.0106440265364688,0.00742606502544334,"Fbn2/Postn/Aspn/Penk/Cldn5/Cdh5",6
"GO:0060562","epithelial tube morphogenesis","7/98","404/28928",0.0173267326732673,5.11456859971712,4.85570384291285,0.000457356897068936,0.0106440265364688,0.00742606502544334,"Agtr2/Gpc3/Aplnr/Tie1/Sox17/Mmrn2/Kdr",7
"GO:0051924","regulation of calcium ion transport","6/98","289/28928",0.0207612456747405,6.12838076407033,5.10849148273165,0.000460422395044968,0.0106440265364688,0.00742606502544334,"Atp2a1/Cacng1/Sln/Aplnr/Cd19/Coro1a",6
"GO:0007178","cell surface receptor protein serine/threonine kinase signaling pathway","7/98","405/28928",0.0172839506172839,5.10194003527337,4.84687291176023,0.000464129064090209,0.0106440265364688,0.00742606502544334,"Fbn2/Tnfaip6/Aspn/Gpc3/Cldn5/Cdh5/Kdr",7
"GO:0061515","myeloid cell development","4/98","106/28928",0.0377358490566038,11.1390065460146,6.09717546841045,0.000472196313400615,0.0106865481453823,0.00745573126422024,"Rhag/Gata1/Hba-a1/Hba-a2",4
"GO:0035987","endodermal cell differentiation","3/98","45/28928",0.0666666666666667,19.6789115646258,7.31103877339839,0.000482483856703684,0.0107131917145158,0.00747431980082496,"Col12a1/Col6a1/Sox17",3
"GO:0072091","regulation of stem cell proliferation","4/98","107/28928",0.0373831775700935,11.0349036810986,6.06307567600561,0.000489269570919293,0.0107131917145158,0.00747431980082496,"Prrx2/Sox17/Sox18/Kdr",4
"GO:0031214","biomineral tissue development","5/98","191/28928",0.0261780104712042,7.72732129501015,5.43851779685984,0.000492059386887643,0.0107131917145158,0.00747431980082496,"Fbn2/Aspn/Gpc3/Col6a1/Gata1",5
"GO:0014908","myotube differentiation involved in skeletal muscle regeneration","2/98","10/28928",0.2,59.0367346938776,10.7019090942778,0.00050222650321724,0.0107978698191707,0.0075333975482586,"Mymx/Mymk",2
"GO:0030510","regulation of BMP signaling pathway","4/98","109/28928",0.036697247706422,10.8324283841977,5.9962123113436,0.000524728003999296,0.0111423724306023,0.00777374820739697,"Tnfaip6/Gpc3/Cdh5/Kdr",4
"GO:0085029","extracellular matrix assembly","3/98","50/28928",0.06,17.7110204081633,6.89519940414068,0.000658315127598129,0.0138085612130339,0.00963387991607019,"Has2/Col6a1/Tie1",3
"GO:0048010","vascular endothelial growth factor receptor signaling pathway","3/98","51/28928",0.0588235294117647,17.3637454981993,6.81921184578492,0.000697748168073331,0.0144593596275437,0.0100879253215421,"Flt4/Mmrn2/Kdr",3
"GO:0045165","cell fate commitment","6/98","314/28928",0.0191082802547771,5.64045235928766,4.82034664211204,0.000710892984942284,0.0145563801678658,0.0101556140706041,"Sox17/Sox18/Kdr/Gata1/Cd69/Irf4",6
"GO:1901894","regulation of ATPase-coupled calcium transmembrane transporter activity","2/98","12/28928",0.166666666666667,49.1972789115646,9.73613190927408,0.000733349927638218,0.0147856103795023,0.0103155421252342,"Atp2a1/Sln",2
"GO:0007369","gastrulation","5/98","209/28928",0.0239234449760766,7.06181037008105,5.12782560986715,0.000739280518975116,0.0147856103795023,0.0103155421252342,"Col12a1/Gpc3/Col6a1/Aplnr/Sox17",5
"GO:0045765","regulation of angiogenesis","6/98","319/28928",0.0188087774294671,5.5520440150982,4.7664261642948,0.000771668732847623,0.0150946342491145,0.0105311401738008,"Thbs4/Cldn5/Aplnr/Tie1/Cdh5/Kdr",6
"GO:0007520","myoblast fusion","3/98","53/28928",0.0566037735849057,16.7085098190219,6.67351038501729,0.000781059562890228,0.0150946342491145,0.0105311401738008,"Mymx/Mymk/Myog",3
"GO:0048873","homeostasis of number of cells within a tissue","3/98","53/28928",0.0566037735849057,16.7085098190219,6.67351038501729,0.000781059562890228,0.0150946342491145,0.0105311401738008,"Col14a1/Gata1/Coro1a",3
"GO:0010959","regulation of metal ion transport","7/98","447/28928",0.0156599552572707,4.62256311920742,4.50022803064569,0.000829579260897957,0.0158541814304943,0.0110610568119728,"Atp2a1/Cacng1/Sln/Aplnr/Kel/Cd19/Coro1a",7
"GO:0030336","negative regulation of cell migration","6/98","326/28928",0.0184049079754601,5.43282834606235,4.69282033591075,0.000863419716438387,0.016049936671325,0.0111976302358081,"Tnfaip6/Cldn5/Tie1/Robo4/Mmrn2/Cd69",6
"GO:1901342","regulation of vasculature development","6/98","326/28928",0.0184049079754601,5.43282834606235,4.69282033591075,0.000863419716438387,0.016049936671325,0.0111976302358081,"Thbs4/Cldn5/Aplnr/Tie1/Cdh5/Kdr",6
"GO:0001706","endoderm formation","3/98","55/28928",0.0545454545454545,16.1009276437848,6.5355392981853,0.000870442354533431,0.016049936671325,0.0111976302358081,"Col12a1/Col6a1/Sox17",3
"GO:0033555","multicellular organismal response to stress","4/98","125/28928",0.032,9.44587755102041,5.51725858918775,0.000877147701804969,0.016049936671325,0.0111976302358081,"Penk/Col6a1/Thbs4/Rag1",4
"GO:0030198","extracellular matrix organization","6/98","333/28928",0.018018018018018,5.31862474719618,4.62130837871561,0.000963373876500625,0.0173067767175206,0.0120744953843167,"Has2/Postn/Col14a1/Col6a1/Tie1/Hpn",6
"GO:0043403","skeletal muscle tissue regeneration","3/98","57/28928",0.0526315789473684,15.5359828141783,6.40461944764586,0.000966066031502489,0.0173067767175206,0.0120744953843167,"Col6a1/Mymx/Mymk",3
"GO:0045229","external encapsulating structure organization","6/98","334/28928",0.0179640718562874,5.30270072100697,4.61125703439915,0.000978350741734629,0.0173067767175206,0.0120744953843167,"Has2/Postn/Col14a1/Col6a1/Tie1/Hpn",6
"GO:0043062","extracellular structure organization","6/98","335/28928",0.017910447761194,5.28687176363083,4.60124594973131,0.000993506299132418,0.0173067767175206,0.0120744953843167,"Has2/Postn/Col14a1/Col6a1/Tie1/Hpn",6
"GO:2000822","regulation of behavioral fear response","2/98","14/28928",0.142857142857143,42.1690962099125,8.9830471029682,0.00100667640139412,0.0173067767175206,0.0120744953843167,"Penk/Rag1",2
"GO:0046651","lymphocyte proliferation","6/98","336/28928",0.0178571428571429,5.27113702623907,4.59127483156597,0.00100884198326014,0.0173067767175206,0.0120744953843167,"Spta1/Ighm/Cd79a/Mzb1/Cd19/Coro1a",6
"GO:0010463","mesenchymal cell proliferation","3/98","58/28928",0.0517241379310345,15.2681210415201,6.34161400426363,0.00101627002817999,0.0173067767175206,0.0120744953843167,"Prrx2/Gpc3/Kdr",3
"GO:0006874","intracellular calcium ion homeostasis","6/98","339/28928",0.0176991150442478,5.22448979591837,4.56159838963228,0.0010559442133765,0.0178061181079174,0.012422873098547,"Atp2a1/Aplnr/Cdh5/Kel/Cd19/Coro1a",6
"GO:2000146","negative regulation of cell motility","6/98","342/28928",0.0175438596491228,5.17866093805943,4.53227137804157,0.00110471968503962,0.0184477461967781,0.0128705206024033,"Tnfaip6/Cldn5/Tie1/Robo4/Mmrn2/Cd69",6
"GO:0032943","mononuclear cell proliferation","6/98","343/28928",0.0174927113702624,5.16356280121378,4.52257206573334,0.00112135682286995,0.018545516685926,0.0129387325715763,"Spta1/Ighm/Cd79a/Mzb1/Cd19/Coro1a",6
"GO:0002329","pre-B cell differentiation","2/98","15/28928",0.133333333333333,39.3578231292517,8.66354066294321,0.00115898749181819,0.0186304531395074,0.012997990562447,"Ighm/Rag1",2
"GO:0014733","regulation of skeletal muscle adaptation","2/98","15/28928",0.133333333333333,39.3578231292517,8.66354066294321,0.00115898749181819,0.0186304531395074,0.012997990562447,"Tnni1/Mymk",2
"GO:1903365","regulation of fear response","2/98","15/28928",0.133333333333333,39.3578231292517,8.66354066294321,0.00115898749181819,0.0186304531395074,0.012997990562447,"Penk/Rag1",2
"GO:0002262","myeloid cell homeostasis","5/98","232/28928",0.021551724137931,6.36171710063336,4.78056932771462,0.0011779053291023,0.0187592330190366,0.0130878369900255,"Rhag/Tspo2/Gata1/Hba-a1/Hba-a2",5
"GO:0060048","cardiac muscle contraction","4/98","136/28928",0.0294117647058824,8.68187274909964,5.23531792943924,0.00119950305608451,0.0189279381327097,0.013205538232123,"Myl1/Tnni1/Tnnt2/Atp2a1",4
"GO:0031099","regeneration","5/98","236/28928",0.0211864406779661,6.2538913870633,4.72497043382947,0.00127042087779411,0.019864762816417,0.013859136848663,"Postn/Col6a1/Mymx/Mymk/Gata1",5
"GO:0015695","organic cation transport","4/98","139/28928",0.0287769784172662,8.49449420055792,5.16391223653558,0.00130008618627269,0.0201454796431443,0.0140549857975425,"Agtr2/Rhag/Tspo2/Slc38a5",4
"GO:0002040","sprouting angiogenesis","4/98","141/28928",0.0283687943262411,8.37400492111738,5.11749220691377,0.00137032848795109,0.0210443303506774,0.0146820909423331,"Aplnr/Flt4/Mmrn2/Kdr",4
"GO:0040013","negative regulation of locomotion","6/98","360/28928",0.0166666666666667,4.91972789115646,4.36324566058005,0.00143474795614695,0.0218386414563961,0.0152362614812066,"Tnfaip6/Cldn5/Tie1/Robo4/Mmrn2/Cd69",6
"GO:0070588","calcium ion transmembrane transport","6/98","361/28928",0.0166204986149584,4.90609983605631,4.35418660312331,0.00145506652724659,0.0219536353233697,0.0153164897604905,"Atp2a1/Cacng1/Sln/Aplnr/Cd19/Coro1a",6
"GO:0015670","carbon dioxide transport","2/98","17/28928",0.117647058823529,34.7274909963986,8.1099719722515,0.001494551890335,0.0219711901827025,0.0153287373367692,"Rhag/Hba-a1",2
"GO:0042074","cell migration involved in gastrulation","2/98","17/28928",0.117647058823529,34.7274909963986,8.1099719722515,0.001494551890335,0.0219711901827025,0.0153287373367692,"Gpc3/Sox17",2
"GO:1903587","regulation of blood vessel endothelial cell proliferation involved in sprouting angiogenesis","2/98","17/28928",0.117647058823529,34.7274909963986,8.1099719722515,0.001494551890335,0.0219711901827025,0.0153287373367692,"Aplnr/Mmrn2",2
"GO:0043500","muscle adaptation","4/98","145/28928",0.0275862068965517,8.1429978888107,5.0273475340744,0.0015186912665442,0.0220443030811948,0.0153797463357173,"Acta1/Tnni1/Mymk/Myog",4
"GO:0060047","heart contraction","5/98","246/28928",0.0203252032520325,5.99966815994691,4.59141377012292,0.00152515817829196,0.0220443030811948,0.0153797463357173,"Agtr2/Myl1/Tnni1/Tnnt2/Atp2a1",5
"GO:1903053","regulation of extracellular matrix organization","3/98","67/28928",0.0447761194029851,13.2171794090771,5.83707239751946,0.00154344183754799,0.0221226663381879,0.0154344183754799,"Has2/Col6a1/Tie1",3
"GO:0008360","regulation of cell shape","4/98","146/28928",0.0273972602739726,8.08722393066816,5.00535071494041,0.00155746037191769,0.0221391061132101,0.0154458879859605,"Kdr/Spta1/Hpn/Coro1a",4
"GO:0000768","syncytium formation by plasma membrane fusion","3/98","70/28928",0.0428571428571429,12.6507288629738,5.68998884978539,0.00175077486903343,0.0244823802824186,0.0170807304295944,"Mymx/Mymk/Myog",3
"GO:0140253","cell-cell fusion","3/98","70/28928",0.0428571428571429,12.6507288629738,5.68998884978539,0.00175077486903343,0.0244823802824186,0.0170807304295944,"Mymx/Mymk/Myog",3
"GO:0010927","cellular component assembly involved in morphogenesis","4/98","152/28928",0.0263157894736842,7.76799140708915,4.87762934281849,0.00180466182522144,0.0245645587713834,0.0171380642591047,"Acta1/Tnnt3/Tnnt2/Klhl41",4
"GO:0032989","cellular anatomical entity morphogenesis","4/98","152/28928",0.0263157894736842,7.76799140708915,4.87762934281849,0.00180466182522144,0.0245645587713834,0.0171380642591047,"Acta1/Tnnt3/Tnnt2/Klhl41",4
"GO:0003015","heart process","5/98","256/28928",0.01953125,5.76530612244898,4.46502821909698,0.00181567635480293,0.0245645587713834,0.0171380642591047,"Agtr2/Myl1/Tnni1/Tnnt2/Atp2a1",5
"GO:0003229","ventricular cardiac muscle tissue development","3/98","71/28928",0.0422535211267606,12.4725495832136,5.64294662505572,0.00182355449088712,0.0245645587713834,0.0171380642591047,"Col14a1/Tnni1/Tnnt2",3
"GO:0070661","leukocyte proliferation","6/98","378/28928",0.0158730158730159,4.68545513443473,4.20510056758136,0.00183527112780311,0.0245645587713834,0.0171380642591047,"Spta1/Ighm/Cd79a/Mzb1/Cd19/Coro1a",6
"GO:0072540","T-helper 17 cell lineage commitment","2/98","19/28928",0.105263157894737,31.0719656283566,7.64477128303977,0.0018709053482856,0.0245645587713834,0.0171380642591047,"Cd69/Irf4",2
"GO:1901550","regulation of endothelial cell development","2/98","19/28928",0.105263157894737,31.0719656283566,7.64477128303977,0.0018709053482856,0.0245645587713834,0.0171380642591047,"Cldn5/Cdh5",2
"GO:1903140","regulation of establishment of endothelial barrier","2/98","19/28928",0.105263157894737,31.0719656283566,7.64477128303977,0.0018709053482856,0.0245645587713834,0.0171380642591047,"Cldn5/Cdh5",2
"GO:0006949","syncytium formation","3/98","72/28928",0.0416666666666667,12.2993197278912,5.59684005214804,0.00189819712467736,0.0247340837457958,0.0172563374970669,"Mymx/Mymk/Myog",3
"GO:0048286","lung alveolus development","3/98","73/28928",0.0410958904109589,12.1308358960022,5.55163730109736,0.00197471964483249,0.0255377277376833,0.0178170193518721,"Col6a1/Flt4/Kdr",3
"GO:0006123","mitochondrial electron transport, cytochrome c to oxygen","2/98","20/28928",0.1,29.5183673469388,7.43828900244466,0.00207420406800322,0.0262325808600407,0.0183018006000284,"Cox8b/Cox6a2",2
"GO:0032780","negative regulation of ATP-dependent activity","2/98","20/28928",0.1,29.5183673469388,7.43828900244466,0.00207420406800322,0.0262325808600407,0.0183018006000284,"Tnnt2/Sln",2
"GO:1901201","regulation of extracellular matrix assembly","2/98","20/28928",0.1,29.5183673469388,7.43828900244466,0.00207420406800322,0.0262325808600407,0.0183018006000284,"Has2/Tie1",2
"GO:0015669","gas transport","2/98","22/28928",0.0909090909090909,26.834879406308,7.06750613812548,0.0025107006996513,0.0312927913289872,0.0218321799969678,"Rhag/Hba-a1",2
"GO:0034122","negative regulation of toll-like receptor signaling pathway","2/98","22/28928",0.0909090909090909,26.834879406308,7.06750613812548,0.0025107006996513,0.0312927913289872,0.0218321799969678,"Irf4/Pik3ap1",2
"GO:0001667","ameboidal-type cell migration","5/98","278/28928",0.0179856115107914,5.3090588753487,4.20905816412625,0.00259506585510365,0.032111606264592,0.0224034462311107,"Has2/Fbn2/Gpc3/Sox17/Coro1a",5
"GO:0007043","cell-cell junction assembly","4/98","169/28928",0.0236686390532544,6.98659582176066,4.55070637643859,0.00265067003758449,0.0325653747474666,0.0227200288935814,"Cldn5/Aplnr/Cdh5/Cldn13",4
"GO:0002043","blood vessel endothelial cell proliferation involved in sprouting angiogenesis","2/98","23/28928",0.0869565217391304,25.6681455190772,6.90011529197522,0.00274376172539172,0.0330018892844319,0.0230245739193711,"Aplnr/Mmrn2",2
"GO:0002295","T-helper cell lineage commitment","2/98","23/28928",0.0869565217391304,25.6681455190772,6.90011529197522,0.00274376172539172,0.0330018892844319,0.0230245739193711,"Cd69/Irf4",2
"GO:0045056","transcytosis","2/98","23/28928",0.0869565217391304,25.6681455190772,6.90011529197522,0.00274376172539172,0.0330018892844319,0.0230245739193711,"Gpihbp1/Cd300lg",2
"GO:0032535","regulation of cellular component size","6/98","411/28928",0.0145985401459854,4.3092507075823,3.93949975643127,0.00278349011358359,0.0332472430233595,0.0231957509465299,"Col6a1/C1qtnf9/Kel/Spta1/Sptb/Coro1a",6
"GO:0030509","BMP signaling pathway","4/98","172/28928",0.0232558139534884,6.86473659231134,4.49770442428044,0.00282391805502622,0.0334975107216903,0.0233703563174584,"Tnfaip6/Gpc3/Cdh5/Kdr",4
"GO:0032272","negative regulation of protein polymerization","3/98","84/28928",0.0357142857142857,10.5422740524781,5.10629850519675,0.00294513842104238,0.0346961512615951,0.0242066171592524,"Cdh5/Spta1/Sptb",3
"GO:0051279","regulation of release of sequestered calcium ion into cytosol","3/98","85/28928",0.0352941176470588,10.4182472989196,5.06992753585426,0.00304545348453575,0.0356338775061326,0.0248608447717204,"Aplnr/Cd19/Coro1a",3
"GO:0002573","myeloid leukocyte differentiation","5/98","292/28928",0.0171232876712329,5.0545149566676,4.05991153189083,0.00320281397458632,0.0372218921370842,0.0259687619561053,"Tnfaip6/Gpc3/Gata1/Spib/Irf4",5
"GO:0035634","response to stilbenoid","2/98","25/28928",0.08,23.614693877551,6.59525619698197,0.00323916953709998,0.0373917557302817,0.0260872714397314,"Hba-a1/Ly6d",2
"GO:0051494","negative regulation of cytoskeleton organization","4/98","180/28928",0.0222222222222222,6.55963718820862,4.36235796742932,0.00332353379619926,0.0381098541964182,0.0265882703695941,"Cdh5/Spta1/Sptb/Coro1a",4
"GO:0010594","regulation of endothelial cell migration","4/98","181/28928",0.0220994475138122,6.523396098771,4.34601905611951,0.00338994035303143,0.0383598513632504,0.0267626869976165,"Flt4/Robo4/Mmrn2/Kdr",4
"GO:1902904","negative regulation of supramolecular fiber organization","4/98","181/28928",0.0220994475138122,6.523396098771,4.34601905611951,0.00338994035303143,0.0383598513632504,0.0267626869976165,"Cdh5/Spta1/Sptb/Coro1a",4
"GO:0035107","appendage morphogenesis","4/98","182/28928",0.021978021978022,6.48755326306347,4.3298030938296,0.00345724531855145,0.0384796096735978,0.0268462393071612,"Fbn2/Prrx2/Gpc3/Col6a1",4
"GO:0035108","limb morphogenesis","4/98","182/28928",0.021978021978022,6.48755326306347,4.3298030938296,0.00345724531855145,0.0384796096735978,0.0268462393071612,"Fbn2/Prrx2/Gpc3/Col6a1",4
"GO:0002637","regulation of immunoglobulin production","3/98","89/28928",0.0337078651685393,9.95001146526026,4.9302723544742,0.00346763924384166,0.0384796096735978,0.0268462393071612,"Vpreb3/Ighm/Mzb1",3
"GO:0043373","CD4-positive, alpha-beta T cell lineage commitment","2/98","26/28928",0.0769230769230769,22.7064364207221,6.45585355991998,0.0035013814753371,0.0386049752408962,0.0269337036564392,"Cd69/Irf4",2
"GO:0018108","peptidyl-tyrosine phosphorylation","5/98","299/28928",0.0167224080267559,4.93618183059177,3.98887173645834,0.00354240824677563,0.0388085489455674,0.0270757318224889,"Thbs4/Flt4/Kdr/Gata1/Ighm",5
"GO:0045766","positive regulation of angiogenesis","4/98","184/28928",0.0217391304347826,6.4170363797693,4.29773344508858,0.00359457377677976,0.0391308031396278,0.0273005603299729,"Aplnr/Tie1/Cdh5/Kdr",4
"GO:0003007","heart morphogenesis","5/98","301/28928",0.0166112956810631,4.90338328022239,3.96898027693529,0.00364401365570434,0.0392144513086195,0.0273589195176415,"Has2/Tnni1/Tnnt2/Aplnr/Sox17",5
"GO:0070830","bicellular tight junction assembly","3/98","91/28928",0.032967032967033,9.7313298945952,4.86371892787583,0.00369147544948761,0.0392144513086195,0.0273589195176415,"Cldn5/Cdh5/Cldn13",3
"GO:0071772","response to BMP","4/98","186/28928",0.021505376344086,6.34803598858898,4.26613618606003,0.00373556557232794,0.0392144513086195,0.0273589195176415,"Tnfaip6/Gpc3/Cdh5/Kdr",4
"GO:0071773","cellular response to BMP stimulus","4/98","186/28928",0.021505376344086,6.34803598858898,4.26613618606003,0.00373556557232794,0.0392144513086195,0.0273589195176415,"Tnfaip6/Gpc3/Cdh5/Kdr",4
"GO:0018212","peptidyl-tyrosine modification","5/98","303/28928",0.0165016501650165,4.8710177140163,3.94926375743914,0.00374769736477764,0.0392144513086195,0.0273589195176415,"Thbs4/Flt4/Kdr/Gata1/Ighm",5
"GO:0019755","one-carbon compound transport","2/98","27/28928",0.0740740740740741,21.8654572940287,6.32405690040391,0.00377317609773598,0.0392144513086195,0.0273589195176415,"Rhag/Hba-a1",2
"GO:0070168","negative regulation of biomineral tissue development","2/98","27/28928",0.0740740740740741,21.8654572940287,6.32405690040391,0.00377317609773598,0.0392144513086195,0.0273589195176415,"Aspn/Gata1",2
"GO:0007492","endoderm development","3/98","92/28928",0.0326086956521739,9.62555456965395,4.83120923511937,0.00380662495417216,0.0392144513086195,0.0273589195176415,"Col12a1/Col6a1/Sox17",3
"GO:1904018","positive regulation of vasculature development","4/98","187/28928",0.0213903743315508,6.31408927207247,4.25051082227456,0.00380744963287178,0.0392144513086195,0.0273589195176415,"Aplnr/Tie1/Cdh5/Kdr",4
"GO:0061025","membrane fusion","4/98","188/28928",0.0212765957446809,6.28050369083804,4.23499895683064,0.00388026677971561,0.0397265408399456,0.0277161912836829,"Mymx/Mymk/Tie1/Coro1a",4
"GO:0014823","response to activity","3/98","94/28928",0.0319148936170213,9.42075553625706,4.76765645454635,0.00404344959465808,0.0407819726905696,0.0284525390864439,"Postn/Col6a1/Myog",3
"GO:0140962","multicellular organismal-level chemical homeostasis","3/98","94/28928",0.0319148936170213,9.42075553625706,4.76765645454635,0.00404344959465808,0.0407819726905696,0.0284525390864439,"Has2/Kdr/Rhag",3
"GO:0002363","alpha-beta T cell lineage commitment","2/98","28/28928",0.0714285714285714,21.0845481049563,6.1991846633297,0.00405448681981826,0.0407819726905696,0.0284525390864439,"Cd69/Irf4",2
"GO:0048754","branching morphogenesis of an epithelial tube","4/98","194/28928",0.0206185567010309,6.08626130864717,4.14423051442551,0.0043370825504289,0.043370825504289,0.0302587154681086,"Agtr2/Gpc3/Tie1/Kdr",4
"GO:0035050","embryonic heart tube development","3/98","97/28928",0.0309278350515464,9.12939196297076,4.67580609060736,0.0044151831600943,0.0436443392836908,0.0304495390351331,"Aplnr/Sox17/Sox18",3
"GO:0120192","tight junction assembly","3/98","97/28928",0.0309278350515464,9.12939196297076,4.67580609060736,0.0044151831600943,0.0436443392836908,0.0304495390351331,"Cldn5/Cdh5/Cldn13",3
"GO:0002260","lymphocyte homeostasis","3/98","98/28928",0.0306122448979592,9.03623490212411,4.64607005498611,0.00454354074583522,0.0444172484040814,0.0309887779563359,"Spta1/Rag1/Coro1a",3
"GO:0042744","hydrogen peroxide catabolic process","2/98","30/28928",0.0666666666666667,19.6789115646258,5.96788869104544,0.0046453918892593,0.0444172484040814,0.0309887779563359,"Hbb-bt/Hba-a1",2
"GO:0043369","CD4-positive or CD8-positive, alpha-beta T cell lineage commitment","2/98","30/28928",0.0666666666666667,19.6789115646258,5.96788869104544,0.0046453918892593,0.0444172484040814,0.0309887779563359,"Cd69/Irf4",2
"GO:0061484","hematopoietic stem cell homeostasis","2/98","30/28928",0.0666666666666667,19.6789115646258,5.96788869104544,0.0046453918892593,0.0444172484040814,0.0309887779563359,"Myct1/Emcn",2
"GO:0071295","cellular response to vitamin","2/98","30/28928",0.0666666666666667,19.6789115646258,5.96788869104544,0.0046453918892593,0.0444172484040814,0.0309887779563359,"Postn/Penk",2
"GO:0043535","regulation of blood vessel endothelial cell migration","3/98","99/28928",0.0303030303030303,8.94495980210266,4.61675604901838,0.00467414067508066,0.0444172484040814,0.0309887779563359,"Robo4/Mmrn2/Kdr",3
"GO:1904427","positive regulation of calcium ion transmembrane transport","3/98","99/28928",0.0303030303030303,8.94495980210266,4.61675604901838,0.00467414067508066,0.0444172484040814,0.0309887779563359,"Atp2a1/Aplnr/Cd19",3
"GO:0001656","metanephros development","3/98","101/28928",0.0297029702970297,8.76783188522934,4.55935275958129,0.00494211217484846,0.0458190867268794,0.0319668046931717,"Agtr2/Gpc3/Sox17",3
"GO:0043297","apical junction assembly","3/98","101/28928",0.0297029702970297,8.76783188522934,4.55935275958129,0.00494211217484846,0.0458190867268794,0.0319668046931717,"Cldn5/Cdh5/Cldn13",3
"GO:0003085","negative regulation of systemic arterial blood pressure","2/98","31/28928",0.0645161290322581,19.044107965767,5.86046800670296,0.00495485472744161,0.0458190867268794,0.0319668046931717,"Agtr2/Kdr",2
"GO:0006779","porphyrin-containing compound biosynthetic process","2/98","31/28928",0.0645161290322581,19.044107965767,5.86046800670296,0.00495485472744161,0.0458190867268794,0.0319668046931717,"Spta1/Sptb",2
"GO:0033014","tetrapyrrole biosynthetic process","2/98","31/28928",0.0645161290322581,19.044107965767,5.86046800670296,0.00495485472744161,0.0458190867268794,0.0319668046931717,"Spta1/Sptb",2
"GO:0035051","cardiocyte differentiation","4/98","203/28928",0.0197044334975369,5.81642706343621,4.0149986422301,0.00508832271062122,0.0468016848249652,0.0326523382499757,"Agtr2/Col14a1/Sox17/Sox18",4
"GO:0120193","tight junction organization","3/98","103/28928",0.029126213592233,8.59758272240935,4.50351699708525,0.00521918499652909,0.0477396921462429,0.033306761962495,"Cldn5/Cdh5/Cldn13",3
"GO:0035162","embryonic hemopoiesis","2/98","32/28928",0.0625,18.4489795918367,5.75795907776235,0.00527357064406171,0.0477396921462429,0.033306761962495,"Kdr/Gata1",2
"GO:0051882","mitochondrial depolarization","2/98","32/28928",0.0625,18.4489795918367,5.75795907776235,0.00527357064406171,0.0477396921462429,0.033306761962495,"Col6a1/Kdr",2
"GO:0009060","aerobic respiration","4/98","206/28928",0.0194174757281553,5.73172181493957,3.97363424317852,0.00535693189482467,0.0482404338172693,0.0336561166166995,"Col6a1/Cox8b/Cox6a2/Myog",4
"GO:0006816","calcium ion transport","6/98","473/28928",0.0126849894291755,3.74440177762437,3.50866077579698,0.0055007094159093,0.0490640560054395,0.034230736747981,"Atp2a1/Cacng1/Sln/Aplnr/Cd19/Coro1a",6
"GO:0035914","skeletal muscle cell differentiation","3/98","105/28928",0.0285714285714286,8.43381924198251,4.44917481158329,0.00550544349363362,0.0490640560054395,0.034230736747981,"Col6a1/Klhl41/Myog",3
